{
    "Modules": {
        "cordic_0000": {
            "start_perf": [
                0.26558804512023926,
                0.23287099999999999,
                0.030956000000000001,
                286916,
                286940,
                1678704861.967536,
                955601216027974
            ],
            "child_modules": {},
            "Compiled Times": 2,
            "Compiled": "Yes",
            "significant_routs": [
                [
                    1,
                    "R_VCSgd_IZPpU_1",
                    7595397,
                    8708,
                    970
                ]
            ],
            "end_perf": [
                0.36375117301940918,
                0.32740000000000002,
                0.034785999999999997,
                286916,
                286940,
                955601580114190,
                34359738369,
                0
            ],
            "nQuads": 22016,
            "nMops": 55278,
            "nRouts": 1371
        },
        "...MASTER...": {
            "start_perf": [
                0.15424299240112305,
                0.12957099999999999,
                0.025078,
                284936,
                286380,
                1678704861.8561909,
                955600803135838
            ],
            "child_modules": {
                "std": 1,
                "CVAE_tb": 1
            },
            "end_perf": [
                0.15985107421875,
                0.13176099999999999,
                0.026143,
                285932,
                286380,
                955600823973091,
                0,
                0
            ],
            "nRouts": 5,
            "nQuads": 0,
            "nMops": 0
        },
        "GRU": {
            "start_perf": [
                0.25355410575866699,
                0.22082299999999999,
                0.030956000000000001,
                286916,
                286940,
                1678704861.955502,
                955601171395282
            ],
            "child_modules": {
                "cordic_0000": 3
            },
            "Compiled Times": 2,
            "Compiled": "Yes",
            "end_perf": [
                0.26556015014648438,
                0.23284299999999999,
                0.030956000000000001,
                286916,
                286940,
                955601215944428,
                30064771073,
                0
            ],
            "nRouts": 115,
            "nQuads": 1584,
            "nMops": 4354
        },
        "std": {
            "start_perf": [
                0.15992617607116699,
                0.131825,
                0.026155000000000001,
                285932,
                286380,
                1678704861.8618741,
                955600824224432
            ],
            "child_modules": {},
            "Compiled Times": 2,
            "Compiled": "Yes",
            "svclass": [
                "$vcs_nba_dyn_obj",
                576,
                35,
                2,
                2,
                0,
                "sigprop$$",
                576,
                35,
                2,
                2,
                0,
                "process",
                2380,
                200,
                8,
                8,
                0,
                "event",
                597,
                34,
                2,
                2,
                0,
                "mailbox",
                1769,
                140,
                9,
                9,
                0,
                "semaphore",
                1119,
                83,
                5,
                5,
                0
            ],
            "end_perf": [
                0.16671013832092285,
                0.13644200000000001,
                0.028337000000000001,
                286916,
                286920,
                955600849366672,
                8589934594,
                0
            ],
            "nQuads": 436,
            "nMops": 1055,
            "nRouts": 33
        },
        "CVAE_tb": {
            "start_perf": [
                0.16674113273620605,
                0.13646800000000001,
                0.028343,
                286916,
                286920,
                1678704861.8686891,
                955600849461466
            ],
            "child_modules": {
                "GRU": 1
            },
            "Compiled Times": 2,
            "Compiled": "Yes",
            "significant_routs": [
                [
                    387,
                    "R_VCSgd_PqaJJ_183",
                    3679872,
                    2750,
                    273
                ],
                [
                    404,
                    "R_VCSgd_PqaJJ_194",
                    6579562,
                    6157,
                    577
                ],
                [
                    436,
                    "R_VCSgd_PqaJJ_1b4",
                    5069555,
                    5005,
                    630
                ]
            ],
            "end_perf": [
                0.25351214408874512,
                0.22078500000000001,
                0.030950999999999999,
                286916,
                286940,
                955601171309849,
                12884901889,
                0
            ],
            "nQuads": 10267,
            "nMops": 25713,
            "nRouts": 771
        }
    },
    "stat": {
        "ru_self_end": {
            "ru_minflt": 31567,
            "ru_utime_sec": 0.32879599999999998,
            "ru_maxrss_kb": 96868,
            "ru_stime_sec": 0.037780000000000001,
            "ru_nvcsw": 21,
            "ru_majflt": 0,
            "ru_nivcsw": 19
        },
        "ru_childs_end": {
            "ru_minflt": 6406,
            "ru_utime_sec": 0.011606,
            "ru_maxrss_kb": 31724,
            "ru_stime_sec": 0.011983000000000001,
            "ru_nvcsw": 18,
            "ru_majflt": 0,
            "ru_nivcsw": 8
        },
        "peak_mem_kb": 288104,
        "cpu_cycles_end": 955601596322151
    },
    "CompUnits": {
        "IZPpU_d": {
            "out": "IZPpU_d.o",
            "mod": "cordic_0000",
            "bytes": 350930,
            "archive": "archive.1/_117831_archive_1.a",
            "text": 229695,
            "checksum": 0,
            "mode": 4
        },
        "PqaJJ_d": {
            "out": "PqaJJ_d.o",
            "mod": "CVAE_tb",
            "bytes": 241078,
            "archive": "archive.1/_117831_archive_1.a",
            "text": 142472,
            "checksum": 0,
            "mode": 4
        },
        "amcQw_d": {
            "out": "objs/amcQw_d.o",
            "mod": "...MASTER...",
            "bytes": 7896,
            "text": 434,
            "checksum": 0,
            "mode": 4
        },
        "reYIK_d": {
            "out": "reYIK_d.o",
            "mod": "std",
            "bytes": 43078,
            "archive": "archive.1/_117831_archive_1.a",
            "text": 7325,
            "cls": 7017,
            "checksum": 0,
            "mode": 4
        },
        "Gdc2B_d": {
            "out": "Gdc2B_d.o",
            "mod": "GRU",
            "bytes": 36594,
            "archive": "archive.1/_117831_archive_1.a",
            "text": 18075,
            "checksum": 0,
            "mode": 4
        }
    },
    "reusePaths": {},
    "ObjArchives": [
        {
            "size": 795922,
            "archive": "archive.1/_117831_archive_1.a",